<?xml version="1.0" encoding="UTF-8"?>
<project-private xmlns="http://www.netbeans.org/ns/project-private/1">
    <editor-bookmarks xmlns="http://www.netbeans.org/ns/editor-bookmarks/2" lastBookmarkId="0"/>
    <open-files xmlns="http://www.netbeans.org/ns/projectui-open-files/2">
        <group>
            <file>file:/D:/Documents/Activities/e-class-record/app/Http/Controllers/MainController.php</file>
            <file>file:/D:/Documents/Activities/e-class-record/app/Http/Controllers/UsersController.php</file>
            <file>file:/D:/Documents/Activities/e-class-record/resources/views/pages/mainpages/home.blade.php</file>
            <file>file:/D:/Documents/Activities/e-class-record/resources/views/pages/mainpages/browse_subjects.blade.php</file>
            <file>file:/D:/Documents/Activities/e-class-record/resources/views/pages/mainpages/browse_sy_semester.blade.php</file>
            <file>file:/D:/Documents/Activities/e-class-record/resources/views/pages/subpages/student_file_midterm.blade.php</file>
            <file>file:/D:/Documents/Activities/e-class-record/resources/views/pages/mainpages/browse_student_file.blade.php</file>
        </group>
    </open-files>
</project-private>
